<?xml version="1.0" encoding="UTF-8"?>

<OLATGroupExport>
  <AreaCollection>
    <Area name="LB Einführung in die LW">
      <Description>&lt;p&gt;Dieser Lernbereich umfasst die Lerngruppen&lt;/p&gt; &lt;p&gt;- LG Einf&amp;uuml;hrung in die LW (WS 2010/11)&lt;/p&gt; &lt;p&gt;- LG Inleiding tot de LW (WS 2010/11)&lt;/p&gt;</Description>
    </Area>
  </AreaCollection>
  <GroupCollection>
    <Group name="LG Einführung in die LW (WS 2010/11)" maxParticipants="30" waitingList="true" autoCloseRanks="true" showOwners="true" showParticipants="true" showWaitingList="false">
      <Description/>
      <CollabTools hasNews="false" hasContactForm="false" hasCalendar="false" hasFolder="false" hasForum="false" hasChat="false" hasWiki="false" hasPortfolio="false"/>
      <AreaRelation>LB Einführung in die LW</AreaRelation>
    </Group>
    <Group name="LG Inleiding tot de LW (WS 2010/11)" maxParticipants="30" waitingList="true" autoCloseRanks="true" showOwners="true" showParticipants="true" showWaitingList="false">
      <Description/>
      <CollabTools hasNews="false" hasContactForm="false" hasCalendar="false" hasFolder="false" hasForum="false" hasChat="false" hasWiki="false" hasPortfolio="false"/>
      <AreaRelation>LB Einführung in die LW</AreaRelation>
    </Group>
  </GroupCollection>
</OLATGroupExport>
