<?xml version="1.0" encoding="UTF-8"?>

<RepositoryEntryProperties>
  <Softkey>nedolat_1_85609729374276</Softkey>
  <ResourceName>Einfuehrung_in_die_Literaturwissenschaft_WS_2010-11.zip</ResourceName>
  <DisplayName>Einführung in die Literaturwissenschaft (WS 2010-11)</DisplayName>
  <Description>&lt;p&gt;&lt;span&gt;Hierbei handelt es sich um ein &lt;strong&gt;Selbstlernmodul &lt;/strong&gt;zur niederl&amp;auml;ndischen &lt;strong&gt;Literaturgeschichte&lt;/strong&gt; &lt;br /&gt;f&amp;uuml;r den Kurs '&lt;strong&gt;Einf&amp;uuml;hrung in die Literaturwissenschaft&lt;/strong&gt;' (WS 2010/11).&lt;/span&gt;&lt;/p&gt;</Description>
  <InitialAuthor>courseadmin</InitialAuthor>
</RepositoryEntryProperties>
